学号,C++程序设计实验,C/C++课程设计,Internet信息检索,J2EE架构与应用,J2EE架构与应用实验,TCP IP协议,TCP IP协议实验,毕业教育,毕业论文（设计）,毕业实习,编译原理,编译原理课程设计,编译原理实验,操作系统,操作系统实验,操作系统课程设计,电路与电子技术,电路与电子技术实验,多媒体技术原理,概率统计A1,高等数学A1（上）,高等数学A1（下）,机器学习,计算机辅助设计,计算机辅助设计实验,计算机辅助设计实验.1,计算机图形学,计算机网络,计算机网络实验,计算机网络课程设计,计算机综合课程设计,计算机组成原理,计算机组成原理实验,离散数学,面向.NET的WEB应用程序设计,面向.NET的WEB应用程序设计实验,面向对象程序设计,面向对象程序设计实验,面向对象程序设计课程设计,人工智能导论,软件测试理论与方法,软件工程课程设计,软件工程,软件工程实验,设计模式,数据结构,数据结构实验,数据结构课程设计,数据库系统,数据库系统实验,数据库课程设计,数据挖掘,数据挖掘实验,数字图像处理技术,数字图像处理技术实验,算法分析与设计课程设计,算法分析与设计实验,算法分析与设计,图论及其应用,线性代数A1,信息安全基础,移动互联网技术及应用
20171684310268,1,0,0,1,1,1,1,1,1,1,0,1,0,1,1,0,0,0,1,0,0,0,0,1,1,0,0,0,0,0,0,1,1,0,1,1,0,0,1,0,0,1,0,0,0,0,0,1,0,0,1,1,1,0,0,0,1,0,1,0,0,0
20176807310177,1,0,0,1,1,1,1,0,0,1,0,0,0,0,0,0,0,0,0,0,1,0,0,1,1,0,0,1,1,0,1,1,0,1,0,0,1,0,0,1,0,1,0,0,1,0,1,0,1,0,0,0,0,1,1,0,0,0,1,0,1,0
20177402320036,0,0,0,1,1,1,1,0,0,1,0,0,0,1,0,0,1,0,0,0,0,0,0,1,1,0,0,1,0,0,0,1,1,0,1,1,0,0,0,0,0,0,0,0,0,0,0,0,0,0,0,1,1,1,1,1,0,0,1,0,1,0
20177402320040,0,0,0,1,1,1,1,0,0,1,0,0,0,0,0,0,0,0,1,0,0,0,0,1,1,0,0,1,0,0,1,1,0,0,0,1,0,0,0,0,0,0,0,0,1,0,0,0,0,0,0,0,0,0,0,0,0,0,1,0,1,0
20177403320063,0,1,0,1,1,1,1,0,0,1,0,0,0,0,0,0,0,0,0,0,0,0,0,1,1,0,0,1,0,0,1,1,1,0,1,1,0,0,0,0,0,1,0,1,1,0,0,0,0,0,0,1,1,0,0,1,0,0,1,0,1,0
20181685310139,1,0,0,1,1,1,1,0,0,1,1,1,1,1,1,0,1,1,0,1,1,1,0,1,1,0,0,1,0,1,0,1,0,1,0,0,0,0,0,0,1,0,1,0,0,1,0,1,0,1,0,0,0,1,1,1,1,0,1,1,0,0
20190411310052,1,0,0,1,1,0,0,0,0,1,0,0,0,0,1,1,0,0,1,1,0,0,0,1,1,0,1,1,1,1,1,0,1,1,1,1,0,0,0,0,0,0,0,0,1,0,0,1,0,0,1,0,0,0,0,1,0,0,1,0,0,0
20190412310044,0,0,0,1,1,1,1,1,1,0,1,1,1,1,1,1,1,0,1,0,1,1,0,1,1,0,1,1,1,1,1,0,1,0,0,0,1,0,0,0,0,0,0,0,0,0,0,1,1,0,1,0,0,1,1,1,0,0,1,1,0,0
20190506310002,1,0,0,1,1,1,1,0,0,1,0,0,0,0,1,1,0,0,1,0,1,0,0,1,1,0,1,0,0,1,1,0,1,0,0,0,1,0,0,0,0,1,0,1,0,1,1,0,1,0,1,0,1,1,1,1,0,1,1,1,0,0
20190602310011,1,0,0,0,0,1,1,0,0,0,1,1,0,1,1,0,1,0,1,1,1,1,0,1,1,0,0,1,1,1,1,1,1,1,1,1,1,1,0,0,0,1,1,1,0,1,0,1,1,1,1,0,0,1,1,1,0,1,1,1,1,0
20190602310050,1,0,0,0,0,0,0,0,0,1,1,1,1,0,0,1,0,1,1,1,1,0,0,1,1,0,0,0,0,0,0,0,0,0,0,0,1,1,1,1,0,0,0,0,1,0,0,1,1,0,0,0,0,1,1,0,0,1,1,1,0,0
20191687310001,0,0,0,0,0,1,1,1,1,1,0,1,1,1,1,0,1,0,0,1,1,1,0,1,1,0,1,1,1,1,0,1,1,1,1,1,1,1,1,1,0,0,0,0,1,1,0,1,1,1,1,0,0,0,0,0,1,1,1,1,1,0
20191687310002,1,0,0,0,0,1,1,1,1,0,0,0,0,0,0,0,0,0,0,0,1,1,0,1,1,0,1,0,1,0,1,0,1,0,0,0,0,1,0,1,0,0,0,0,1,0,0,0,0,0,1,0,0,1,1,0,1,0,1,0,1,0
20191687310004,0,0,0,0,0,1,1,0,0,0,1,1,1,1,1,1,1,1,1,1,1,1,1,0,0,0,1,1,1,0,1,1,1,0,1,1,1,1,1,1,0,1,0,1,0,1,1,0,1,1,1,1,1,0,0,0,1,1,1,1,1,0
20191687310009,0,0,0,0,0,1,1,0,0,0,0,1,0,1,1,0,1,1,0,0,1,1,0,1,1,0,1,0,0,0,0,1,1,1,1,1,0,1,1,1,0,0,0,1,1,1,0,1,1,1,1,1,1,1,1,1,1,0,0,1,1,0
20191687310011,1,0,0,1,1,0,0,1,1,1,0,1,1,1,1,1,0,1,1,0,0,0,0,0,0,0,1,1,1,1,1,1,1,0,1,1,1,1,0,0,0,1,1,1,1,0,0,0,1,1,1,1,1,1,1,0,1,1,0,0,1,0
20191687310015,0,0,0,0,0,1,1,0,0,1,0,0,1,0,0,0,0,1,0,0,0,0,0,1,1,0,1,0,1,1,0,0,1,0,0,0,0,1,0,1,0,0,0,0,1,1,0,0,1,1,1,0,0,1,1,0,1,0,1,0,1,0
20191687310016,1,0,0,0,0,1,1,1,1,1,1,1,1,1,1,0,1,1,1,0,1,1,0,1,1,0,1,1,1,1,1,0,0,0,1,1,1,1,1,1,0,1,0,0,0,1,0,1,1,1,1,1,1,0,0,1,1,1,1,0,1,0
20191687310017,0,0,0,1,1,1,1,1,1,0,1,1,1,1,0,1,1,1,1,1,1,1,0,1,1,0,1,1,1,1,0,1,1,1,1,1,1,1,1,0,0,1,1,1,0,1,1,1,1,0,1,1,1,1,1,1,0,1,0,1,0,0
20191687310020,1,0,0,0,0,1,1,1,1,1,0,0,1,0,0,0,1,0,1,1,0,1,0,1,1,0,1,1,0,1,1,0,0,0,1,1,0,1,1,1,0,0,0,0,0,1,0,0,1,1,1,1,1,0,0,0,1,1,1,0,1,0
20191687310028,0,0,0,1,1,1,1,0,0,1,0,1,0,0,0,0,0,1,0,0,0,1,0,0,0,0,0,0,1,1,0,0,0,0,1,1,0,1,1,0,0,0,1,0,1,0,0,0,0,1,0,0,0,1,1,1,1,0,1,0,1,0
20191687310033,0,0,0,1,1,0,0,1,1,0,1,1,1,1,0,1,0,1,1,0,0,0,0,1,1,0,1,0,1,0,0,0,0,0,1,1,0,1,1,0,0,1,1,0,0,1,0,0,0,0,0,0,0,1,1,0,1,1,1,0,1,0
20191687310035,1,0,1,0,0,0,0,0,0,0,0,1,1,1,1,1,1,1,1,1,1,1,0,1,1,0,1,1,1,1,1,1,1,1,0,0,1,1,1,0,0,1,1,0,1,1,1,1,1,1,1,1,1,0,0,1,1,1,1,0,1,0
20191687310038,0,0,0,1,1,0,0,1,1,1,0,0,0,0,0,1,0,1,0,1,1,1,0,1,1,0,0,1,0,1,0,1,0,0,0,1,0,0,1,0,1,1,1,0,1,1,1,1,0,0,0,0,0,1,1,0,0,0,1,0,1,0
20191687310055,0,0,0,1,1,1,1,0,0,1,0,1,0,0,0,0,0,0,0,1,1,0,0,0,0,0,0,0,1,0,0,0,1,0,0,0,0,0,1,0,1,1,0,0,1,0,0,0,0,0,0,1,1,1,1,0,1,1,0,0,1,0
20191687310056,0,0,0,0,0,1,1,0,0,0,0,1,1,1,0,0,0,0,1,1,1,0,0,1,1,0,1,0,0,0,1,0,1,0,0,1,0,0,1,1,0,1,0,1,0,0,0,0,1,1,0,0,1,0,0,0,1,0,1,1,1,0
20191687310060,0,0,0,1,1,1,1,0,0,1,0,1,1,0,1,0,0,0,1,0,0,0,0,0,0,0,1,0,0,0,0,0,0,1,1,1,0,0,1,0,0,1,1,0,1,0,0,1,1,1,0,1,1,1,1,0,1,0,0,0,1,0
20191687310067,1,0,0,0,0,1,1,1,1,1,1,1,0,0,0,0,0,0,0,0,0,0,0,1,1,0,0,0,0,0,0,0,0,0,1,1,0,0,1,1,0,0,0,1,0,1,1,1,0,0,0,0,0,1,1,0,1,0,1,1,0,0
20191687310071,0,0,0,1,1,1,1,1,1,1,0,1,1,1,1,1,0,1,0,1,0,0,0,1,1,0,0,1,1,1,1,1,0,1,1,1,1,1,0,0,0,0,1,1,0,1,1,1,0,0,0,0,0,1,1,1,1,1,1,0,0,0
20191687310074,0,0,0,1,1,1,1,0,0,0,0,1,1,1,0,0,0,0,0,1,0,1,0,0,0,0,0,1,1,1,0,0,0,0,1,1,0,1,1,0,0,1,1,0,0,1,1,0,1,1,1,1,0,1,1,0,1,1,0,0,0,0
20191687310079,1,0,0,0,0,0,0,1,1,1,1,1,1,1,0,1,1,1,1,1,0,1,0,1,1,0,0,1,0,0,1,1,0,1,1,1,1,0,0,1,0,1,1,1,0,1,1,0,1,1,0,1,1,1,1,1,0,1,1,1,0,0
20191687310080,0,0,0,1,1,1,1,1,1,1,0,0,0,1,1,0,1,1,0,0,1,1,0,0,0,0,0,0,0,1,1,0,0,0,0,0,0,1,0,0,0,0,0,0,1,0,1,1,1,1,1,0,0,1,1,0,0,0,0,0,0,0
20191687310087,0,0,0,1,1,1,1,1,1,1,0,1,1,0,0,1,0,1,0,1,1,1,0,1,1,0,1,1,0,0,0,1,0,1,1,1,1,1,1,0,0,0,1,0,0,1,1,0,0,1,0,0,0,1,1,0,1,1,1,0,0,0
20191687310088,0,0,0,0,0,1,1,1,1,0,0,0,1,0,0,0,0,1,1,0,1,1,0,1,1,0,1,1,1,1,0,0,0,0,1,1,1,1,0,0,0,0,1,0,0,1,1,1,1,1,1,0,0,1,1,0,1,0,1,0,0,0
20191687310094,0,0,0,0,0,1,1,1,1,1,1,1,1,1,1,0,0,1,1,1,1,1,0,1,1,0,0,0,1,1,1,1,1,1,1,1,0,1,0,0,0,1,1,0,0,0,1,1,1,1,1,0,0,1,1,1,1,1,1,0,1,0
20191687310099,1,0,0,0,0,1,1,1,1,0,0,0,1,0,0,0,0,0,0,1,0,1,0,1,1,0,1,0,1,0,0,0,0,0,1,1,1,1,1,0,0,0,0,0,1,0,1,0,0,1,0,1,0,1,1,0,0,0,1,1,0,0
20191687310100,1,0,0,0,0,1,1,0,0,0,0,0,0,0,0,0,0,0,1,0,0,0,0,1,1,0,1,1,1,1,0,0,1,0,1,1,0,0,1,0,0,0,1,0,0,0,1,0,0,1,0,0,0,1,1,0,1,0,1,0,0,0
20191687310102,0,0,0,0,0,1,1,0,0,1,1,1,1,1,0,1,0,0,1,0,0,0,0,1,1,0,1,1,1,1,0,0,1,0,1,1,0,0,1,1,0,1,1,0,0,0,1,0,1,1,1,0,1,0,0,0,1,0,1,0,1,0
20191687310103,1,0,0,0,0,1,1,0,0,0,0,1,1,1,1,0,1,0,1,1,0,0,0,1,1,0,1,0,0,1,1,0,0,0,1,1,0,1,1,0,0,0,1,0,0,1,1,1,1,1,0,0,0,1,1,1,1,1,1,1,0,0
20191687310106,0,0,0,0,0,1,1,1,1,1,0,0,1,0,0,1,0,0,1,0,0,0,0,1,1,0,0,1,1,1,0,0,1,0,1,1,0,1,1,0,0,1,0,0,0,0,1,0,0,1,0,0,0,1,1,0,1,0,1,0,1,0
20191687310108,0,0,0,0,0,1,1,1,1,1,0,1,0,1,0,0,1,0,0,0,1,1,0,1,1,0,0,0,1,1,1,1,0,0,1,1,0,1,0,0,0,0,0,0,1,0,1,0,1,1,1,1,0,1,1,1,1,1,1,1,0,0
20191687310109,0,0,0,0,0,1,1,0,0,1,0,0,0,1,0,0,0,0,1,0,0,0,0,1,1,0,0,0,1,1,1,0,1,0,1,1,0,0,1,0,0,0,0,0,0,0,0,0,0,1,0,0,0,1,1,0,1,0,1,1,0,0
20191687310110,1,0,0,0,0,1,1,1,1,1,1,1,1,1,0,1,1,1,1,1,1,1,0,1,1,0,1,1,1,1,1,1,1,1,1,1,1,1,1,1,0,0,0,0,0,1,1,1,1,1,1,1,1,0,0,0,1,1,1,1,0,0
20191687310114,1,0,0,0,0,1,1,0,0,1,1,1,1,1,0,1,0,1,1,1,0,1,0,1,1,0,1,1,1,1,1,1,0,1,1,1,1,1,1,1,0,0,0,0,0,1,1,1,0,1,0,0,1,0,0,1,1,1,1,0,0,0
20191687310118,1,0,0,0,0,1,1,0,0,1,1,1,1,1,1,1,1,0,0,1,1,1,0,1,1,0,1,1,1,0,0,1,0,1,1,1,0,1,1,1,0,0,1,0,0,1,1,1,1,1,1,1,1,1,1,1,1,1,1,1,1,0
20191687310122,0,0,0,0,0,1,1,0,0,0,0,1,1,1,1,1,0,1,1,1,0,1,0,1,1,0,1,0,1,1,0,1,0,1,1,1,0,1,1,1,0,0,1,0,0,1,1,0,1,1,1,1,1,0,0,0,1,1,1,1,1,0
20191687310123,1,0,0,0,0,1,1,1,1,0,0,1,1,1,1,0,0,1,1,0,0,1,0,1,1,0,1,0,1,1,0,1,1,0,1,1,1,1,0,0,0,0,1,0,0,1,1,0,1,1,0,1,0,1,1,1,1,1,1,1,0,0
20191687310126,1,0,0,1,1,0,0,1,1,0,1,1,1,1,1,1,1,1,0,1,0,0,0,1,1,0,1,1,0,1,0,1,1,0,1,1,1,1,0,1,0,0,0,0,0,0,0,1,1,1,0,1,1,1,1,1,0,0,1,0,1,0
20191687310130,1,0,0,1,1,0,0,1,1,0,1,1,1,1,1,1,1,1,0,1,1,1,0,1,1,0,1,1,1,1,1,1,1,1,1,1,1,1,1,0,0,1,1,1,1,1,1,1,1,1,1,1,1,1,1,1,0,1,1,1,0,0
20191687310138,1,0,0,1,1,0,0,0,0,0,1,1,1,1,1,1,1,1,0,1,1,1,0,1,1,0,1,1,0,0,0,1,1,1,1,1,1,0,0,0,1,1,1,1,1,1,1,1,1,1,1,1,1,0,0,1,0,1,1,1,0,0
20191687310142,1,0,0,1,1,0,0,0,0,0,0,1,1,0,0,1,0,0,0,0,0,0,0,1,1,0,0,1,0,0,0,1,1,0,1,1,0,0,0,0,1,1,0,0,1,0,0,1,0,0,1,1,1,0,0,0,0,0,1,0,0,0
20191687310150,1,0,0,0,0,1,1,0,0,1,0,0,0,1,1,0,0,1,0,0,0,0,0,1,1,0,1,0,1,1,1,0,1,0,1,1,0,1,0,1,0,1,1,0,1,0,0,1,0,0,0,0,0,1,1,0,1,0,0,0,1,0
20191687310153,1,0,0,0,0,1,1,1,1,0,0,1,1,0,0,1,0,0,1,1,1,0,0,1,1,0,0,1,1,1,1,1,1,1,1,1,1,0,0,1,0,1,0,0,0,0,0,1,1,0,0,1,0,0,0,0,1,0,1,0,1,0
20191687310158,0,0,0,0,0,1,1,0,0,0,0,1,0,1,1,0,1,1,1,0,1,1,0,1,1,0,1,0,1,0,0,0,1,1,1,1,0,1,1,0,0,1,0,1,0,0,0,1,0,1,1,1,1,1,1,0,1,0,1,1,1,0
20191687310162,0,0,0,1,1,1,1,1,1,0,1,1,0,0,0,1,1,1,0,0,1,1,0,1,1,0,1,0,1,0,0,1,0,1,1,1,1,0,0,0,0,1,1,0,0,0,1,1,1,0,1,1,1,1,1,1,0,1,1,1,1,0
20191687310164,0,0,0,1,1,1,1,1,1,0,1,1,0,1,1,1,1,1,0,0,1,1,0,1,1,0,1,0,1,1,0,1,1,0,1,1,0,0,0,0,0,1,1,0,0,0,1,1,1,0,0,1,1,1,1,1,0,0,1,1,1,0
20191687310165,0,0,0,0,0,0,0,0,0,0,1,1,1,0,1,1,0,0,1,1,1,1,0,1,1,0,1,0,1,1,0,1,1,1,1,1,1,0,0,1,0,1,1,0,0,0,0,1,1,0,1,0,1,1,1,0,0,0,1,1,1,0
20191687310170,0,0,0,0,0,1,1,0,0,0,1,1,0,1,0,1,0,0,1,0,0,0,0,1,1,0,0,0,0,0,0,0,0,0,1,1,1,0,0,0,0,1,0,0,0,0,0,0,0,0,0,0,1,1,1,1,0,1,1,1,0,0
20191687310174,0,0,0,0,0,1,1,1,1,0,0,1,0,0,1,1,0,1,1,0,1,1,0,1,1,0,1,1,0,0,1,1,0,1,1,1,1,1,0,0,0,1,1,0,0,1,1,0,1,1,0,0,1,1,1,1,1,1,1,0,0,0
20191687310176,1,0,0,0,0,1,1,0,0,0,0,1,0,0,1,1,0,0,1,0,0,0,0,1,1,0,0,0,1,0,0,1,1,0,0,1,0,0,0,1,0,1,0,0,0,0,0,1,0,0,0,0,0,1,1,0,0,0,0,0,1,0
20191687310177,1,0,0,0,0,1,1,1,1,1,0,1,0,1,0,1,0,0,1,0,0,0,0,1,1,0,1,0,0,0,0,0,1,1,1,1,1,1,1,0,0,1,0,0,0,0,1,1,0,0,1,0,0,1,1,0,0,0,1,0,1,0
20191687310178,1,0,0,0,0,1,1,1,1,0,1,1,0,1,1,1,0,0,1,1,0,1,0,1,1,0,1,1,0,0,1,1,0,1,1,1,1,1,1,0,0,1,0,0,0,1,1,0,1,1,1,0,0,1,1,1,0,1,1,1,0,0
20191687310182,0,0,0,0,0,1,1,1,1,0,0,1,0,0,1,1,0,1,1,0,1,0,0,1,1,0,0,1,0,1,1,0,1,0,1,1,0,0,0,0,0,1,0,0,0,0,0,0,0,0,1,0,1,1,1,1,0,0,1,0,0,0
20191687310185,0,0,0,1,1,0,0,0,0,0,0,0,1,0,0,0,0,1,0,1,0,0,0,1,1,0,1,0,0,1,0,1,0,0,0,1,0,1,0,1,0,0,0,1,0,0,0,0,0,0,0,1,1,1,1,0,1,1,1,0,1,0
20191687310196,1,0,0,1,1,1,1,0,0,0,0,0,0,0,0,0,0,0,1,0,0,0,0,0,0,0,0,0,0,1,1,0,0,0,0,0,0,0,0,0,0,0,0,0,1,0,0,0,0,0,0,0,0,1,1,0,0,1,0,0,0,0
20191687310197,0,0,0,1,1,1,1,1,1,1,1,1,0,0,1,1,0,1,1,0,0,0,0,0,0,0,0,0,0,1,1,0,1,0,1,1,1,0,0,1,0,0,0,1,0,0,1,0,1,0,1,0,0,1,1,1,0,1,0,1,0,0
20191687310198,1,0,0,1,1,1,1,1,1,1,1,1,1,0,1,1,1,1,1,1,0,0,0,1,1,0,0,1,1,0,1,0,0,1,1,1,1,0,0,0,0,1,0,0,0,0,0,0,0,1,1,0,0,0,0,1,0,1,1,1,0,0
20191687310199,0,0,0,0,0,1,1,0,0,1,1,1,0,1,1,1,1,1,1,0,1,1,0,1,1,0,1,1,1,1,1,1,1,1,1,1,1,1,0,1,0,0,0,0,0,1,1,0,1,1,1,0,0,0,0,1,0,1,1,0,0,0
20191687310201,1,0,0,1,1,0,0,0,0,0,1,1,0,0,0,0,1,1,1,1,1,1,0,0,0,1,1,1,0,1,0,1,0,0,0,0,1,0,1,0,0,0,0,0,1,1,1,0,0,0,0,0,0,1,1,0,0,0,0,1,1,0
20191687310203,1,0,0,0,0,1,1,0,0,0,1,1,0,0,1,1,1,1,1,0,1,0,0,1,1,0,0,0,1,1,0,0,0,0,1,1,1,0,0,0,0,0,1,0,0,0,1,0,1,0,1,0,0,1,1,1,0,1,1,0,1,0
20191687310205,1,0,0,0,0,1,1,0,0,0,0,0,0,1,0,1,1,1,1,1,1,1,0,1,1,0,1,1,0,0,1,0,1,1,1,1,1,1,0,0,0,0,1,0,0,1,1,0,1,0,1,0,0,1,1,1,0,1,1,1,1,0
20191687310207,1,0,0,0,0,1,1,1,1,1,1,1,0,1,1,0,1,1,1,0,0,0,0,1,1,0,1,0,0,1,0,0,1,1,1,1,1,0,0,1,0,0,0,0,0,0,1,0,1,0,1,1,0,0,0,1,0,1,1,1,0,0
20191687310209,1,0,0,1,1,1,1,0,0,1,0,0,0,0,0,0,1,0,1,0,0,1,0,1,1,0,0,0,0,1,1,1,0,0,1,1,1,0,0,0,0,0,0,0,0,0,0,0,0,0,0,0,0,0,0,0,0,0,1,0,1,0
20191687310212,1,0,0,0,0,1,1,1,1,0,1,1,1,1,1,1,1,1,1,0,0,1,0,1,1,0,1,1,0,1,1,1,1,1,1,1,1,1,0,1,0,0,1,1,0,1,1,1,1,1,1,1,1,0,0,1,1,1,1,1,1,0
20191687310216,1,0,0,0,0,1,1,0,0,1,0,1,0,1,0,0,1,1,1,1,0,0,0,1,1,0,1,1,0,1,1,1,1,0,1,1,1,0,0,1,0,0,0,0,0,0,0,1,0,0,1,0,0,0,0,1,0,0,1,0,0,0
20191687310218,1,0,0,1,1,1,1,1,1,0,1,1,0,0,0,0,1,1,1,0,0,0,0,0,0,0,0,0,0,0,1,0,1,1,1,1,0,0,0,0,0,0,0,0,1,0,0,0,1,0,1,0,0,1,1,1,0,1,0,1,0,0
20191687310219,0,0,0,0,0,1,1,0,0,1,0,1,0,0,0,0,0,0,1,0,0,0,0,1,1,0,0,0,1,0,0,0,0,0,1,1,0,0,0,0,0,0,0,1,0,0,0,0,0,0,1,0,0,1,1,0,0,0,1,0,0,0
20191687310232,1,0,0,0,0,0,0,0,0,0,0,1,0,1,0,1,1,1,1,0,0,1,0,1,1,0,1,1,1,1,0,1,1,1,0,1,0,1,1,1,0,0,1,0,0,0,1,1,1,1,1,0,1,1,1,0,0,0,1,1,0,0
20191687310233,0,0,0,1,1,0,0,0,0,0,1,1,1,0,1,0,1,1,1,1,1,0,0,1,1,0,1,1,0,0,0,1,1,1,1,1,1,1,0,0,0,1,0,0,0,1,1,1,1,0,0,0,0,1,1,1,0,0,1,0,0,0
20191687310237,1,0,0,0,0,1,1,0,0,0,0,1,1,1,0,1,0,1,1,1,0,1,0,1,1,0,0,0,1,1,0,0,0,0,1,1,0,0,1,0,0,1,0,0,0,0,1,1,0,0,0,1,1,1,1,0,1,0,1,1,1,0
20191687310238,1,0,0,1,1,1,1,1,1,0,0,0,1,0,0,0,0,1,1,0,0,0,0,1,1,0,0,1,1,1,0,0,0,0,1,1,0,0,0,0,0,0,1,0,0,0,0,1,0,0,0,0,0,0,0,0,1,0,1,0,0,0
20191687310250,0,0,0,0,0,1,1,1,1,1,0,0,0,0,1,1,0,1,0,0,0,0,0,1,1,0,0,0,1,1,0,0,0,0,1,1,0,1,0,1,0,0,0,0,1,0,1,1,0,0,0,1,0,1,1,0,1,0,0,0,1,0
20191687310252,0,0,0,0,0,1,1,0,0,0,0,0,0,0,0,0,1,1,0,0,0,0,0,1,1,0,1,0,0,0,0,0,1,0,0,1,0,0,1,0,0,1,0,0,1,0,1,0,0,0,0,1,1,1,1,0,1,0,1,1,1,0
20191687310253,0,0,0,0,0,1,1,0,0,0,1,0,1,1,0,0,0,1,0,1,0,0,0,0,0,0,1,1,1,1,1,0,0,0,1,1,0,1,0,1,0,0,0,1,1,0,1,0,0,0,0,0,0,1,1,0,1,1,1,0,0,0
20191687310255,0,0,0,1,1,1,1,1,1,0,1,0,1,1,0,0,0,0,0,0,0,0,0,0,0,0,1,0,0,1,0,0,0,0,1,1,0,0,0,0,0,0,0,0,1,0,0,0,0,0,0,1,1,0,0,0,1,1,0,0,0,1
20191687310257,0,0,0,1,1,1,1,1,1,1,1,1,1,1,1,0,1,0,0,0,1,1,0,1,1,0,1,1,0,0,0,0,1,1,1,1,1,1,1,0,0,1,1,0,0,1,1,0,0,1,1,1,1,1,1,1,1,1,1,1,0,0
20191687310258,1,0,0,1,1,0,0,1,1,1,0,0,1,1,1,1,1,1,0,1,1,1,0,1,1,0,0,0,1,1,1,1,1,1,1,1,1,1,1,0,0,1,1,1,1,1,1,1,0,1,1,1,1,1,1,1,1,0,1,1,0,0
20191687310264,1,0,0,1,1,0,0,0,0,0,1,0,1,1,1,0,1,1,1,1,1,1,0,1,1,0,1,1,0,0,1,1,0,1,1,1,1,1,1,1,0,1,1,1,0,1,1,1,1,1,1,1,1,0,0,0,1,1,1,1,0,0
20191687310273,0,0,0,1,1,1,1,0,0,0,0,0,0,0,0,0,0,1,0,0,0,0,0,0,0,0,0,0,0,0,0,0,0,0,0,1,0,0,1,0,0,0,0,0,1,0,0,0,0,0,0,0,0,1,0,0,0,0,0,1,0,0
20191687310276,1,0,0,1,1,0,0,1,1,0,0,0,1,0,0,1,1,1,1,0,1,0,0,1,1,0,0,0,1,1,0,1,1,1,1,1,0,0,1,0,0,1,0,0,0,1,1,1,1,1,0,1,1,1,1,0,1,0,1,0,1,0
20191687310280,0,0,0,1,1,1,1,1,1,0,0,0,0,0,0,1,0,0,0,0,0,0,0,0,0,1,1,0,1,0,0,0,0,0,0,1,0,0,1,0,0,0,0,0,1,1,0,1,0,0,0,0,0,1,1,0,1,0,0,0,0,0
20191687310281,0,0,0,1,1,0,0,0,0,1,0,0,0,0,0,0,0,0,0,1,0,0,0,0,0,0,0,0,1,0,0,0,1,0,0,0,0,0,1,1,0,1,0,0,1,0,0,0,0,0,0,0,0,1,1,0,1,0,0,0,0,1
20191687310283,0,0,0,0,0,0,0,0,0,1,0,0,0,0,0,0,0,1,1,0,0,0,0,1,1,0,0,0,1,0,0,0,1,0,1,1,0,0,1,1,0,0,0,1,0,0,0,0,0,0,1,1,1,1,1,1,1,0,1,0,0,0
20191687310290,0,0,0,1,1,0,0,0,0,1,1,0,0,1,1,1,1,1,1,1,1,1,0,1,1,0,1,0,1,0,0,1,1,1,0,0,1,1,1,0,0,1,1,0,1,1,1,1,1,1,1,0,0,1,1,0,1,0,0,1,0,0
20191687310294,0,0,0,1,1,0,0,0,0,0,0,0,0,0,0,0,0,0,1,0,0,1,0,0,0,0,0,0,0,1,0,0,0,0,0,0,0,0,0,0,0,0,0,0,1,0,0,0,0,0,0,0,0,1,1,1,1,0,0,0,1,0
20191687310298,1,0,0,1,1,0,0,0,0,0,0,0,1,1,1,0,1,0,0,0,1,1,0,0,0,1,1,1,0,1,0,0,0,1,0,0,0,1,1,1,0,0,0,0,1,1,1,0,0,0,0,0,1,1,1,0,1,0,0,1,0,0
20191687310299,1,0,0,0,0,1,1,0,0,0,0,0,1,0,0,0,0,1,1,1,0,0,0,1,1,0,1,0,0,0,0,0,0,0,1,1,0,1,1,0,0,1,0,0,0,0,0,0,0,0,1,1,1,1,1,0,1,1,1,1,0,0
20191687310303,0,0,0,0,0,1,1,1,1,0,1,1,1,0,0,1,1,1,1,1,1,1,0,1,1,0,1,1,0,0,1,1,1,1,1,1,1,1,1,0,0,1,1,0,0,1,1,0,1,1,1,1,1,1,1,0,1,1,1,1,0,0
20191687310307,0,0,0,1,1,0,0,1,1,0,0,0,1,0,0,0,1,1,1,1,0,1,0,1,1,0,0,0,0,0,0,1,0,1,1,1,0,0,1,1,0,1,0,1,0,1,1,1,0,0,1,0,1,0,0,0,1,0,1,0,0,0
20191687310310,1,0,0,1,1,0,0,0,0,1,0,0,1,1,1,1,1,1,0,0,0,0,0,1,1,0,1,0,1,1,0,0,1,1,1,1,0,0,1,0,0,1,0,0,1,1,1,0,1,1,0,0,0,1,1,0,1,0,1,0,0,0
20191687310312,1,0,0,1,1,0,0,1,1,1,1,1,1,1,1,1,1,1,1,1,1,1,0,1,1,0,1,1,1,0,1,1,1,1,1,1,1,1,1,0,0,1,1,0,0,1,1,1,1,1,0,1,1,1,1,1,1,1,1,1,1,0
20192111310040,1,0,0,0,0,1,1,1,1,0,1,1,1,1,1,1,0,1,1,1,0,1,0,1,1,0,1,1,1,0,1,1,0,1,1,1,1,1,1,0,0,1,0,0,0,0,1,1,1,1,1,0,0,1,1,1,0,1,1,1,0,0
20192111310092,1,0,0,0,0,1,1,0,0,0,1,1,1,1,1,0,0,1,1,1,1,1,0,1,1,0,1,1,0,0,1,1,1,1,0,0,1,1,0,0,0,0,0,1,1,1,0,1,1,0,1,1,0,1,1,0,0,1,1,1,0,0
20192113310037,0,0,0,0,0,1,1,1,1,1,1,1,1,1,1,1,1,1,1,1,1,1,0,0,0,0,1,1,0,0,1,1,0,1,0,0,1,0,0,0,0,0,1,1,1,1,0,1,1,0,1,1,0,1,1,1,0,1,1,1,0,1
20192211310003,1,0,0,1,1,0,0,1,1,0,1,1,1,1,1,1,1,0,1,1,1,1,0,1,1,0,0,1,1,1,1,1,1,1,0,0,1,1,0,1,0,0,0,1,1,1,1,0,1,0,1,1,1,0,0,0,0,1,1,1,0,0
20192211310150,1,0,0,1,1,1,1,1,1,0,1,1,1,1,1,1,1,0,1,1,1,1,0,1,1,0,1,1,0,0,1,1,1,1,1,1,1,0,1,0,0,0,0,1,1,0,1,0,1,1,1,1,1,0,0,0,0,1,0,1,0,0
20192211310168,1,0,0,0,0,1,1,1,1,1,1,1,1,0,1,1,1,0,1,0,1,1,0,1,1,0,1,1,1,1,1,1,0,1,0,0,1,1,1,0,0,0,0,1,1,0,1,0,1,0,1,0,0,1,1,1,0,1,1,1,0,0
20192211310189,0,0,0,0,0,1,1,0,0,1,1,0,0,1,1,1,0,0,0,0,1,1,0,1,1,0,0,0,0,0,1,0,0,0,1,1,0,0,0,0,0,0,0,1,1,1,1,1,1,0,0,0,0,1,1,0,0,0,1,1,0,0
20192581310098,1,0,0,0,0,1,1,0,0,1,0,0,0,0,1,1,0,0,1,0,0,0,0,1,1,0,0,0,1,1,1,0,1,0,1,1,0,0,0,0,0,1,0,1,0,0,0,1,1,1,1,0,0,1,1,1,0,0,1,0,1,0
20192581310230,0,0,0,1,1,1,1,1,1,0,0,0,0,0,1,1,0,0,1,0,0,0,0,1,1,0,0,0,0,0,1,0,0,0,0,0,0,0,0,0,0,0,1,0,1,0,0,0,1,1,0,0,0,0,0,0,0,0,1,1,0,0
20192681310153,1,0,0,1,1,0,0,1,1,0,1,1,1,1,1,1,1,0,0,1,1,1,0,1,1,0,1,1,1,1,1,1,1,1,1,1,1,1,0,0,0,1,1,1,1,1,1,1,1,1,1,1,0,1,1,1,0,1,1,1,0,0
20192783310342,1,0,0,0,0,1,1,1,1,0,1,0,1,0,0,1,1,0,1,0,1,1,0,1,1,0,0,0,1,1,1,1,1,1,1,1,0,0,1,0,0,0,1,1,0,0,0,1,1,0,0,0,0,1,1,1,0,0,1,1,0,0
20196601310017,1,0,0,1,1,1,1,0,0,1,1,0,0,0,1,1,1,0,1,1,0,1,0,1,1,0,1,0,1,1,1,0,1,1,1,1,1,1,1,0,0,1,0,1,0,1,1,1,1,0,1,0,0,0,0,0,0,1,1,0,1,0
20196601310039,1,0,0,0,0,1,1,1,1,1,1,1,1,0,1,0,1,0,1,1,1,1,0,1,1,0,1,1,1,1,1,1,1,1,0,0,1,1,1,0,0,1,1,1,1,1,1,1,1,0,1,1,0,1,1,1,0,1,1,1,1,0
20196601310078,0,0,0,1,1,0,0,1,1,0,1,1,1,0,1,1,0,1,1,1,1,1,0,1,1,0,1,1,1,0,1,1,1,1,1,1,1,1,1,1,0,0,0,0,1,1,0,0,1,0,0,1,1,0,0,1,0,0,0,1,0,0
20196801310099,1,0,0,1,1,0,0,0,0,1,0,0,0,1,1,1,0,0,0,1,1,1,0,0,0,0,0,1,0,0,1,1,0,1,1,1,1,1,0,1,0,0,0,1,1,0,1,0,1,0,1,0,0,1,1,0,0,1,1,1,0,0
20196805310008,0,0,0,1,1,1,1,0,0,0,0,0,0,0,0,1,0,0,1,0,0,0,0,1,1,0,0,0,0,0,0,0,0,0,0,0,0,0,1,1,0,0,0,0,1,0,0,0,0,0,0,0,0,1,1,0,0,0,0,0,0,0
20196805310010,1,0,0,1,1,1,1,0,0,0,0,0,0,0,1,1,0,0,0,0,0,0,0,0,0,0,0,0,0,1,1,1,0,0,1,1,0,0,0,0,0,0,0,0,1,0,0,1,1,0,0,0,0,1,1,1,0,1,1,1,0,0
20196805310037,1,0,0,0,0,1,1,1,1,0,1,1,1,0,1,1,0,0,1,1,0,0,0,1,1,0,1,1,0,0,1,1,0,1,1,1,1,0,0,0,0,0,0,1,1,0,0,1,1,0,1,1,1,1,1,0,0,1,0,1,0,0
20196805310073,1,0,0,0,0,1,1,0,0,1,1,1,1,0,1,0,1,0,1,1,0,1,0,1,1,0,1,1,1,0,1,1,1,1,0,0,1,0,0,0,0,0,0,1,1,1,0,1,1,1,1,1,1,1,1,1,0,1,1,1,0,0
20197001310028,1,0,0,0,0,1,1,0,0,1,1,1,1,1,1,1,1,1,1,1,1,1,0,0,0,0,1,1,1,1,1,1,1,1,1,1,1,1,1,0,0,0,1,1,1,1,0,1,1,1,1,1,0,1,1,1,0,1,1,1,0,0
20197001310099,1,0,0,0,0,1,1,1,1,1,1,1,1,1,1,0,1,1,1,0,0,0,0,1,1,0,1,1,1,1,1,0,0,1,1,1,1,0,1,0,0,1,0,1,1,1,0,1,1,1,1,1,0,0,0,1,0,1,1,1,0,0
20197001310142,1,0,0,1,1,1,1,1,1,1,1,1,0,1,1,1,1,1,0,1,1,1,0,0,0,0,1,0,1,0,1,0,0,1,1,1,1,1,0,0,0,0,1,0,1,1,0,0,1,1,1,1,1,1,1,1,0,1,1,1,0,0
20197001310168,0,0,0,1,1,1,1,1,1,0,1,1,1,1,1,1,1,1,0,0,1,0,0,0,0,0,1,0,1,1,1,1,1,1,0,0,1,1,1,0,0,0,0,0,1,0,1,0,1,1,1,1,1,1,1,1,0,1,1,1,0,0
20197201310042,1,0,0,1,1,1,1,0,0,0,1,1,1,1,1,1,1,0,1,1,0,0,0,0,0,0,1,1,1,1,1,0,1,1,1,1,1,0,0,0,0,0,0,0,0,1,0,1,1,0,1,0,1,1,1,0,1,0,1,1,1,0
20197203310002,0,0,0,0,0,0,0,1,1,1,1,1,1,0,1,0,1,1,1,1,0,1,0,1,1,0,1,1,1,1,1,1,1,1,1,1,1,1,0,0,0,0,0,0,1,1,0,1,1,0,1,1,1,1,1,1,0,1,1,1,0,0
